{
	"groups": [
		{
			"keys": "ranking_btn_active_png",
			"name": "preload"
		},
		{
			"keys": "ranking_ping_png,ranking_ping_active_png,ranking_nav_bar_png,ranking_dou_png,ranking_dou_active_png,ranking_btn_active_png",
			"name": "btn"
		},
		{
			"keys": "user_border_png,role_png,ranking_user2_jpg,ranking_user_bg_png,ranking_no_bg_png,ranking_item_bg_png,ranking_bg_png,notice_bg_png,info_bg_png,gold_png,gold_bg_png,add_png",
			"name": "com"
		},
		{
			"keys": "menu_welfare_png,menu_record_png,menu_mall_png,menu_kefu_png,menu_friends_png,menu_bg_png,match_ping_png,match_dou_png,match_create_png,match_add_png",
			"name": "index"
		},
		{
			"keys": "hall_bg_jpg",
			"name": "scene"
		}
	],
	"resources": [
		{
			"url": "assets/number/ranking/ranking_0.png",
			"type": "image",
			"name": "ranking_0_png"
		},
		{
			"url": "assets/number/ranking/ranking_1.png",
			"type": "image",
			"name": "ranking_1_png"
		},
		{
			"url": "assets/number/ranking/ranking_2.png",
			"type": "image",
			"name": "ranking_2_png"
		},
		{
			"url": "assets/number/ranking/ranking_3.png",
			"type": "image",
			"name": "ranking_3_png"
		},
		{
			"url": "assets/number/ranking/ranking_4.png",
			"type": "image",
			"name": "ranking_4_png"
		},
		{
			"url": "assets/number/ranking/ranking_5.png",
			"type": "image",
			"name": "ranking_5_png"
		},
		{
			"url": "assets/number/ranking/ranking_6.png",
			"type": "image",
			"name": "ranking_6_png"
		},
		{
			"url": "assets/number/ranking/ranking_7.png",
			"type": "image",
			"name": "ranking_7_png"
		},
		{
			"url": "assets/number/ranking/ranking_8.png",
			"type": "image",
			"name": "ranking_8_png"
		},
		{
			"url": "assets/number/ranking/ranking_9.png",
			"type": "image",
			"name": "ranking_9_png"
		},
		{
			"url": "assets/number/ranking/ranking_no1.png",
			"type": "image",
			"name": "ranking_no1_png"
		},
		{
			"url": "assets/number/ranking/ranking_no2.png",
			"type": "image",
			"name": "ranking_no2_png"
		},
		{
			"url": "assets/number/ranking/ranking_no3.png",
			"type": "image",
			"name": "ranking_no3_png"
		},
		{
			"url": "assets/btn/ranking_ping_active.png",
			"type": "image",
			"name": "ranking_ping_active_png"
		},
		{
			"url": "assets/btn/ranking_btn_active.png",
			"type": "image",
			"name": "ranking_btn_active_png"
		},
		{
			"url": "assets/btn/ranking_dou.png",
			"type": "image",
			"name": "ranking_dou_png"
		},
		{
			"url": "assets/btn/ranking_dou_active.png",
			"type": "image",
			"name": "ranking_dou_active_png"
		},
		{
			"url": "assets/btn/ranking_nav_bar.png",
			"type": "image",
			"name": "ranking_nav_bar_png"
		},
		{
			"url": "assets/btn/ranking_ping.png",
			"type": "image",
			"name": "ranking_ping_png"
		},
		{
			"url": "assets/com/ranking_user.jpg",
			"type": "image",
			"name": "ranking_user2_jpg"
		},
		{
			"url": "assets/index/menu_welfare.png",
			"type": "image",
			"name": "menu_welfare_png"
		},
		{
			"url": "assets/index/match_add.png",
			"type": "image",
			"name": "match_add_png"
		},
		{
			"url": "assets/index/match_create.png",
			"type": "image",
			"name": "match_create_png"
		},
		{
			"url": "assets/index/match_dou.png",
			"type": "image",
			"name": "match_dou_png"
		},
		{
			"url": "assets/index/match_ping.png",
			"type": "image",
			"name": "match_ping_png"
		},
		{
			"url": "assets/index/menu_bg.png",
			"type": "image",
			"name": "menu_bg_png"
		},
		{
			"url": "assets/index/menu_friends.png",
			"type": "image",
			"name": "menu_friends_png"
		},
		{
			"url": "assets/index/menu_kefu.png",
			"type": "image",
			"name": "menu_kefu_png"
		},
		{
			"url": "assets/index/menu_mall.png",
			"type": "image",
			"name": "menu_mall_png"
		},
		{
			"url": "assets/index/menu_record.png",
			"type": "image",
			"name": "menu_record_png"
		},
		{
			"url": "assets/com/info_bg.png",
			"type": "image",
			"name": "info_bg_png"
		},
		{
			"url": "assets/com/user_border.png",
			"type": "image",
			"name": "user_border_png"
		},
		{
			"url": "assets/com/add.png",
			"type": "image",
			"name": "add_png"
		},
		{
			"url": "assets/com/gold.png",
			"type": "image",
			"name": "gold_png"
		},
		{
			"url": "assets/com/gold_bg.png",
			"type": "image",
			"name": "gold_bg_png"
		},
		{
			"url": "assets/com/notice_bg.png",
			"type": "image",
			"name": "notice_bg_png"
		},
		{
			"url": "assets/com/role.png",
			"type": "image",
			"name": "role_png"
		},
		{
			"url": "assets/scene/hall_bg.jpg",
			"type": "image",
			"name": "hall_bg_jpg"
		},
		{
			"url": "assets/com/ranking_no_bg.png",
			"type": "image",
			"name": "ranking_no_bg_png"
		},
		{
			"url": "assets/com/ranking_bg.png",
			"type": "image",
			"name": "ranking_bg_png"
		},
		{
			"url": "assets/com/ranking_item_bg.png",
			"type": "image",
			"name": "ranking_item_bg_png"
		},
		{
			"url": "assets/com/ranking_user_bg.png",
			"type": "image",
			"name": "ranking_user_bg_png"
		}
	]
}